{"version":"0.4","title":"about us","type":"page","content":[{"id":"34f1192b","settings":[],"elements":[{"id":"386a0fa2","settings":{"_column_size":100},"elements":[{"id":"41594cd8","settings":{"editor":"<!-- wp:paragraph {\"dropCap\":true,\"fontSize\":\"medium\"} -->\n<p class=\"has-drop-cap has-medium-font-size\">Mool Vatan-Stay of All Sous( Without body) &amp; Supreme Soul<\/p>\n<!-- \/wp:paragraph -->\n\n<!-- wp:paragraph {\"dropCap\":true,\"fontSize\":\"medium\"} -->\n<p class=\"has-drop-cap has-medium-font-size\">Sukshma Vatan- Stay of Brahma , Vishnu &amp; Shankar<\/p>\n<!-- \/wp:paragraph -->\n\n<!-- wp:paragraph {\"dropCap\":true,\"fontSize\":\"medium\"} -->\n<p class=\"has-drop-cap has-medium-font-size\">Sthool Vatan-Stay of all Humans containing body<\/p>\n<!-- \/wp:paragraph -->"},"elements":[],"isInner":false,"widgetType":"text-editor","elType":"widget"}],"isInner":false,"elType":"column"}],"isInner":false,"elType":"section"}]}