{"version":"0.4","title":"blogs-divine virtues","type":"page","content":[{"id":"3cdfd54e","settings":[],"elements":[{"id":"4303876b","settings":{"_column_size":100},"elements":[{"id":"478c7f30","settings":{"editor":"<!-- wp:image {\"id\":6,\"sizeSlug\":\"large\",\"linkDestination\":\"none\"} -->\n<figure class=\"wp-block-image size-large\"><img src=\"https:\/\/szk.726.myftpupload.comwp-content\/uploads\/2021\/01\/36-divine-virtues.jpg\" alt=\"\" class=\"wp-image-6\"\/><\/figure>\n<!-- \/wp:image -->"},"elements":[],"isInner":false,"widgetType":"text-editor","elType":"widget"}],"isInner":false,"elType":"column"}],"isInner":false,"elType":"section"}]}