{"version":"0.4","title":"home page","type":"page","content":[{"id":"2231639","settings":{"background_background":"classic","background_image":{"url":"https:\/\/szk.726.myftpupload.comwp-content\/uploads\/2021\/01\/3-WORLDS.jpg","id":31},"background_position":"center center","background_repeat":"no-repeat","background_size":"cover","layout":"full_width","content_width":{"unit":"px","size":500,"sizes":[]}},"elements":[{"id":"7111d5cf","settings":{"_column_size":100,"_inline_size":null},"elements":[{"id":"7cbb341","settings":{"title":"<br>EXPERIENCE PEACE<br>FOREEVER","align":"center","title_color":"#75E46E","typography_typography":"custom","typography_font_family":"Roboto","typography_font_size":{"unit":"px","size":51,"sizes":[]},"typography_font_weight":"500","typography_text_transform":"uppercase","typography_font_style":"normal","typography_text_decoration":"none","typography_line_height":{"unit":"em","size":2.100000000000000088817841970012523233890533447265625,"sizes":[]},"typography_letter_spacing":{"unit":"px","size":0.200000000000000011102230246251565404236316680908203125,"sizes":[]},"_margin":{"unit":"px","top":"40","right":"40","bottom":"40","left":"40","isLinked":true},"_padding":{"unit":"px","top":"150","right":"150","bottom":"150","left":"150","isLinked":true},"_animation":"fadeIn","_background_background":"classic","_background_hover_background":"gradient","_background_hover_color":"#010202","_background_hover_transition":{"unit":"px","size":0,"sizes":[]},"size":"large"},"elements":[],"isInner":false,"widgetType":"heading","elType":"widget"}],"isInner":false,"elType":"column"}],"isInner":false,"elType":"section"},{"id":"235da8ac","settings":{"structure":"30"},"elements":[{"id":"6e1cbc71","settings":{"_column_size":33,"_inline_size":null,"content_position":"center"},"elements":[{"id":"25fac52e","settings":{"social_icon_list":[{"social_icon":{"value":"fab fa-facebook","library":"fa-brands"},"_id":"58d0198"},{"social_icon":{"value":"fab fa-twitter","library":"fa-brands"},"_id":"f3c208a"},{"social_icon":{"value":"fab fa-youtube","library":"fa-brands"},"_id":"a7b3541"}],"icon_padding":{"unit":"em","size":0.8000000000000000444089209850062616169452667236328125,"sizes":[]},"icon_spacing":{"unit":"px","size":16,"sizes":[]}},"elements":[],"isInner":false,"widgetType":"social-icons","elType":"widget"}],"isInner":false,"elType":"column"},{"id":"ad6a8d","settings":{"_column_size":33,"_inline_size":null},"elements":[{"id":"39618e8","settings":{"address":"Ahmedabad","height":{"unit":"px","size":175,"sizes":[]},"_padding":{"unit":"px","top":"9","right":"9","bottom":"9","left":"9","isLinked":true}},"elements":[],"isInner":false,"widgetType":"google_maps","elType":"widget"}],"isInner":false,"elType":"column"},{"id":"58627f8f","settings":{"_column_size":33,"_inline_size":null,"content_position":"center"},"elements":[{"id":"31c044af","settings":{"title_text":"PEACE","description_text":"Peace can be experience by believing our self as SOUL-Source Of Unlimited Light","image":{"url":"https:\/\/szk.726.myftpupload.comwp-content\/uploads\/2021\/01\/peace.jpg","id":90}},"elements":[],"isInner":false,"widgetType":"image-box","elType":"widget"}],"isInner":false,"elType":"column"}],"isInner":false,"elType":"section"}]}