{"version":"0.4","title":"post-slogan-","type":"page","content":[{"id":"15896afe","settings":[],"elements":[{"id":"77cb6608","settings":{"_column_size":100},"elements":[{"id":"49632167","settings":{"editor":"<!-- wp:paragraph {\"fontSize\":\"medium\"} -->\n<p class=\"has-medium-font-size\">The more you understand yourself , the easier is to remain Happy and Peaceful.<\/p>\n<!-- \/wp:paragraph -->"},"elements":[],"isInner":false,"widgetType":"text-editor","elType":"widget"}],"isInner":false,"elType":"column"}],"isInner":false,"elType":"section"}]}