{"version":"0.4","title":"services","type":"page","content":[{"id":"56f97547","settings":[],"elements":[{"id":"2fd03a86","settings":{"_column_size":100},"elements":[{"id":"47ac5136","settings":{"editor":"<!-- wp:paragraph {\"backgroundColor\":\"luminous-vivid-amber\",\"textColor\":\"black\",\"fontSize\":\"medium\"} -->\n<p class=\"has-black-color has-luminous-vivid-amber-background-color has-text-color has-background has-medium-font-size\">Meditation -The Art of Relaxing and Empowering<\/p>\n<!-- \/wp:paragraph -->\n\n<!-- wp:paragraph {\"backgroundColor\":\"vivid-purple\",\"textColor\":\"pale-pink\"} -->\n<p class=\"has-pale-pink-color has-vivid-purple-background-color has-text-color has-background\">Step 1 : Relaxation<\/p>\n<!-- \/wp:paragraph -->\n\n<!-- wp:paragraph -->\n<p>Relaxation is about letting go of tension and stress and bringing the mind and body into a state of calm and peace\u2026<\/p>\n<!-- \/wp:paragraph -->\n\n<!-- wp:paragraph {\"backgroundColor\":\"vivid-purple\",\"textColor\":\"pale-pink\"} -->\n<p class=\"has-pale-pink-color has-vivid-purple-background-color has-text-color has-background\">Step 2 : Concentration<\/p>\n<!-- \/wp:paragraph -->\n\n<!-- wp:paragraph -->\n<p>Concentration allows me to use my time productively, once I have relaxed: I focus on the thoughts I choose to have\u2026<\/p>\n<!-- \/wp:paragraph -->\n\n<!-- wp:paragraph {\"backgroundColor\":\"vivid-purple\",\"textColor\":\"pale-pink\"} -->\n<p class=\"has-pale-pink-color has-vivid-purple-background-color has-text-color has-background\">Step 3 : Contemplation<\/p>\n<!-- \/wp:paragraph -->\n\n<!-- wp:paragraph -->\n<p>Contemplation is reflecting deeply on myself, my inner world and my values\u2026<\/p>\n<!-- \/wp:paragraph -->\n\n<!-- wp:paragraph {\"backgroundColor\":\"vivid-purple\",\"textColor\":\"pale-pink\"} -->\n<p class=\"has-pale-pink-color has-vivid-purple-background-color has-text-color has-background\">Step 4 : Realisation<\/p>\n<!-- \/wp:paragraph -->\n\n<!-- wp:paragraph -->\n<p>Realisation is when my understanding and feelings combine and I experience a more profound, more meaningful reality within\u2026<\/p>\n<!-- \/wp:paragraph -->\n\n<!-- wp:paragraph {\"backgroundColor\":\"vivid-purple\",\"textColor\":\"pale-pink\"} -->\n<p class=\"has-pale-pink-color has-vivid-purple-background-color has-text-color has-background\">Step 5 : Meditation<\/p>\n<!-- \/wp:paragraph -->\n\n<!-- wp:paragraph -->\n<p>Meditation is focusing on a thought and remembering my eternal identity, and re-awakening a wonderful state of well-being\u2026<\/p>\n<!-- \/wp:paragraph -->"},"elements":[],"isInner":false,"widgetType":"text-editor","elType":"widget"}],"isInner":false,"elType":"column"}],"isInner":false,"elType":"section"}]}